slug	onderwerp
intro-ship-lights-night	The great four-funnelled ocean liner RMS Titanic seen from a distance at night on a calm dark sea, hundreds of warm golden portholes glowing, starry sky, reflections on still water
belfast-shipyard-morning	Belfast shipyard Harland and Wolff at dawn in 1910, crowds of workers in flat caps walking through the gates, red brick streets, smoking chimneys, cranes and a huge ship hull in the misty distance
white-star-offices-plans	Edwardian gentlemen in a wood-panelled office studying large ship blueprints spread on a table under a green desk lamp, 1907, a model of an ocean liner on a shelf
arrol-gantry-hull	The enormous steel Arrol Gantry in Belfast with the tall dark hull of a giant ship under construction inside it, wooden scaffolding, small workers far away, soft grey morning light
titanic-launch-crowd	The launch of the Titanic hull in Belfast, May 1911, the pale grey hull sliding into the river, large crowds on the banks and rooftops, sunny day, small boats on the water, flags
fitting-out-quay	The Titanic moored at the fitting-out quay in Belfast, four buff funnels with black tops, a large floating crane beside her, workers on deck, calm harbour water, soft afternoon light
grand-staircase-dome	The first-class grand staircase of the Titanic, polished oak, wrought iron and gilt balustrade, a white and gold glass dome above letting in soft daylight, chandelier, elegant and empty
first-class-dining-saloon	The first-class dining saloon of the Titanic, long rows of small tables with white tablecloths and silver cutlery, leaded glass windows, warm lamplight, stewards in white jackets in the distance
third-class-cabin	A simple clean third-class cabin on the Titanic, white painted walls, two wooden bunks with white linen and red woollen blankets, a small porthole with soft sea light, a suitcase on the floor
sea-trials-belfast-lough	The Titanic sailing on calm Belfast Lough during her sea trials, cold clear morning, small tugboats nearby, green hills of the coast, smoke drifting from the funnels
southampton-dock-dawn	The Titanic moored at the dock in Southampton at dawn in April 1912, cranes, warehouses, a steam train on the quay, soft pink morning sky, calm water
boarding-passengers-gangway	Passengers in Edwardian coats and hats boarding the Titanic via a gangway in Southampton, porters carrying trunks, families with children, bright spring morning, the huge black hull above
near-miss-ss-new-york	The Titanic leaving Southampton harbour, a smaller black steamship drifting close to her, a small tugboat pulling it back with a rope, onlookers on the quay, bright day, calm and cinematic
cherbourg-tender-evening	A small steam tender boat carrying passengers across Cherbourg harbour towards the illuminated Titanic at golden evening light, calm water, French coast in the background
queenstown-green-hills	The Titanic anchored off the green hills of the Irish coast near Queenstown, small tender boats alongside, a colourful harbour town with a cathedral in the distance, soft light
open-atlantic-calm-day	The Titanic sailing on the open Atlantic Ocean on a calm sunny day, deep blue sea, small white waves, a long white wake behind her, seen from a distance
promenade-deck-morning	The long promenade deck of the Titanic in the morning, passengers in warm coats and hats walking slowly, wooden deck chairs with woollen blankets, the sea beyond the railing
astor-couple-deck	An elegant Edwardian couple in warm coats standing at the railing of an ocean liner deck with a small Airedale terrier, gentle sea breeze, soft morning light, seen from behind
straus-couple-reading	An elderly Edwardian couple sitting side by side in wooden deck chairs on a ship deck, holding hands, blankets on their knees, calm sea and soft afternoon light
first-class-dinner-evening	Elegant Edwardian passengers in evening dress at dinner in a grand ship dining room, candlelight and chandeliers, white tablecloths, silver, warm golden atmosphere
second-class-library	The second-class library of the Titanic, pale sycamore wood panelling, bookshelves, a man writing a letter at a small desk, soft daylight through large windows
second-class-deck-children	Two small boys in Edwardian clothes playing on the deck of an ocean liner, a father watching them from a bench, sunny day, lifeboats hanging overhead
third-class-general-room	A simple ship's general room with long wooden benches and white walls, emigrant families in 1912 clothing sitting together talking, a piano in the corner, warm light
third-class-dining-tables	Third-class dining room of the Titanic, long tables with simple white china, emigrant families eating bread and soup, stewards serving, warm and friendly atmosphere
third-class-music-dancing	Emigrants in 1912 clothing dancing and playing fiddle and pipes in a simple ship's common room, people clapping on wooden benches, warm lamplight, joyful and gentle
captain-smith-bridge	An Edwardian sea captain with a white beard in a dark uniform standing on the bridge of a large ocean liner, polished brass and wood, large windows, calm sea ahead
boiler-room-stokers	Inside the boiler room of the Titanic, rows of large boilers, stokers seen from a distance shovelling coal, warm orange glow of furnaces, electric lamps, atmospheric haze
stewardess-corridor	A young stewardess in a 1912 uniform carrying a tray of tea along a long white corridor of an ocean liner, soft electric lights, polished wooden doors
marconi-radio-room	The Marconi wireless room on the Titanic in 1912, a young operator with headphones at a desk with a telegraph key and radio equipment, papers, a warm desk lamp
ship-orchestra-playing	A small Edwardian string orchestra with violins, cello and piano playing in an elegant ship lounge, passengers listening in armchairs, warm soft light
sunday-morning-service	A Sunday church service in the dining saloon of an ocean liner in 1912, passengers standing with hymn books, the captain reading at the front, soft morning light
radio-ice-warning	Close-up of a handwritten wireless message on a desk in a 1912 ship radio room, a telegraph key, headphones, a pencil, warm lamplight, calm atmosphere, the handwriting unreadable
cold-sunset-sea	The Titanic sailing at sunset on a cold flat calm sea, the sky turning gold and pink, the ship seen from a distance, cold clear air
starry-night-flat-sea	A perfectly flat calm ocean at night under thousands of bright stars, no moon, the Milky Way reflected in the black water, the lights of a distant ship on the horizon
crows-nest-lookouts	Two lookouts in thick coats in the crow's nest high on the mast of an ocean liner at night, looking out into darkness, stars above, the lit ship below
iceberg-dark-silhouette	A dark silhouette of an iceberg on a flat black sea at night under a starry sky, seen from the bow of a large ship, quiet and mysterious, no damage
bridge-wheel-turn	The bridge of an ocean liner at night, an officer at the large wooden wheel, another officer watching through the window, brass telegraphs, dim warm light
ice-on-well-deck	Small pieces of ice lying on the wooden deck of a ship at night, young passengers in coats looking at them curiously, the lit ship around them, calm and quiet
captain-andrews-plans	Two Edwardian men, a captain in uniform and a designer, studying ship plans on a table in a chart room at night by lamplight, serious and calm
quiet-corridor-night	An empty elegant corridor of an ocean liner at night, soft warm electric lamps, polished wooden doors, carpet, quiet and still
radio-operators-cqd	Two young wireless operators in a small ship radio room at night, one at the telegraph key with headphones, the other standing beside him, warm lamplight, calm concentration
carpathia-turning-night	A smaller four-masted Cunard steamship with one red and black funnel turning at night on a calm dark sea, lights glowing, stars above
carpathia-preparing-blankets	Stewards in 1912 uniforms preparing stacks of blankets and hot drinks in the dining room of a steamship at night, calm and busy, warm light
californian-distant-lights	A small steamship sitting still among flat sea ice at night, a few lights on deck, the faint lights of another ship far away on the horizon, starry sky
white-rockets-over-ship	A white signal rocket bursting into white stars high in the night sky above a distant lit ocean liner on a calm sea, seen from far away, quiet and beautiful
stewards-knocking-lifejackets	A steward in a white jacket knocking on a cabin door in a corridor of an ocean liner at night, a passenger in a dressing gown opening the door, calm, warm light
lifeboats-lowered-deck	Wooden lifeboats being prepared on the boat deck of an ocean liner at night, officers and passengers in coats and white lifebelts standing calmly, deck lights, stars
ship-band-on-deck	A small group of musicians in dark uniforms playing violins and a cello on the deck of an ocean liner at night, passengers in coats listening, soft deck lights
straus-couple-deck-chairs	An elderly Edwardian couple sitting together in two deck chairs on a ship deck at night, holding hands, calm and peaceful, soft light from the windows behind them
lifeboats-rowing-away	Small wooden lifeboats with lanterns rowing slowly away across a calm black sea, women at the oars in coats, a large lit ship in the distance, stars above
last-boats-leaving	A last wooden lifeboat being lowered down the tall dark side of an ocean liner at night, calm sea below, lights from the portholes, seen from a distance
ship-lights-from-lifeboat	View from inside a small lifeboat at night: people wrapped in blankets looking towards a distant ocean liner with all its lights glowing, tilted slightly, calm sea, stars
lights-flicker-silhouette	A dark silhouette of a large four-funnelled ship far away on the horizon at night, its lights fading, under a vast starry sky, seen from a distance, quiet and sad
calm-sea-under-stars	A completely calm, empty ocean at night under thousands of stars, the Milky Way above, a few small lifeboat lanterns far away on the water, peaceful and quiet
lifeboats-waiting-horizon	Several small lifeboats tied together on a calm sea before dawn, people wrapped in blankets huddled together, a soft green flare glowing, stars fading
carpathia-lights-dawn	The lights of a steamship approaching over the horizon in the blue light before dawn, a small lifeboat in the foreground, a calm sea, first light in the sky
pink-icebergs-sunrise	Many icebergs on a calm sea at sunrise, glowing pink, gold and pale blue, small lifeboats rowing between them towards a steamship, breathtaking and peaceful
carpathia-deck-blankets	Survivors wrapped in grey blankets resting on the deck of a steamship in the morning, passengers bringing cups of hot tea, calm, soft grey light
margaret-brown-helping	A warm-hearted Edwardian woman in a coat and hat talking kindly with a group of women and children on the deck of a steamship, writing a list, soft daylight
new-york-pier-rain	New York harbour at night in the rain, 1912, a large crowd with black umbrellas on a pier, a steamship arriving with lights, reflections on the wet quay
inquiry-hearing-room	A grand Edwardian hearing room with wood panelling, a large model of an ocean liner on a table, people seated in rows listening, soft daylight from tall windows
lifeboats-for-all-ship	An ocean liner in 1913 at a harbour with many wooden lifeboats lined up along the whole length of her upper deck, sunny day, calm water
carpathia-captain-medal	An Edwardian sea captain in dress uniform standing proudly on the bridge of a steamship, a medal on his chest, soft morning light, harbour behind him
survivors-later-life	A woman in 1920s clothing walking in an English cottage garden with flowers and chickens, sunny day, peaceful countryside, seen from a distance
millvina-dean-cottage	An elderly woman reading letters by a window in a cosy English cottage, a cup of tea on the table, warm afternoon light, peaceful
deep-ocean-darkness	The deep dark ocean seen from above, light rays fading into blue-black depths, a few tiny particles floating, calm and mysterious
research-ship-knorr-night	A white research ship on the North Atlantic at night, a long cable going down into the water from its stern, deck lights glowing, calm sea, 1985
boiler-on-seabed	A large round ship boiler lying on the sandy deep seabed, lit by a soft underwater light from above, fine sediment, calm and quiet
bow-wreck-deep-light	The bow of the Titanic wreck standing upright on the deep seabed, lit by the lights of a small submarine, railings and anchors visible, rusted and peaceful, blue darkness
rusticles-railing-glow	Close view of rusted ship railings deep under water covered in soft orange rusticles, small pale sea creatures, gentle submarine light, calm and quiet
belfast-titanic-quarter-evening	Belfast harbour today at dusk, a modern shining building shaped like ship bows, the old slipway lit with soft lights, a small restored tender ship moored nearby
ship-at-sea-evening-memory	The Titanic sailing on a calm sea late in the afternoon, golden light, a long white wake, seagulls above the stern, seen from a distance
children-playing-deck-sunset	Children in 1912 clothing playing on the open deck of an ocean liner at sunset, mothers wrapping them in scarves, golden pink light
ship-windows-glow-dusk	Rows of warm golden windows glowing on the side of an ocean liner at dusk, deep blue sky, calm sea, seen from close by
starry-ocean-goodnight	An ocean liner with all its lights glowing, sailing far away on a calm sea under a vast sky full of stars, peaceful and dreamy
