#	start	end	image	text
1	0.80	4.90	S00	Imagine… every piece of iron on Earth suddenly vanished.
2	5.80	6.90		What would happen to you?
3	8.60	10.50	S01	You are driving across a bridge.
4	11.40	12.40	S02	The radio is on.
5	13.00	14.30		Nothing feels wrong.
6	16.00	16.40	S03	Then.
7	18.10	19.70	S04	Your car falls apart around you.
8	20.30	22.70		Steel is about ninety-eight percent iron.
9	23.60	25.80	S05	The bridge has nothing left to hold it up.
10	26.70	29.10	S06	Skyscrapers lose every steel beam.
11	30.80	31.80	S07	But you won't see it.
12	32.40	34.50		The iron in your blood is gone too.
13	36.20	38.00	S08	Your blood can't carry oxygen.
14	38.60	40.80		You black out in about ten seconds.
15	42.50	45.60	S09	Deep below, the iron core disappears.
16	46.20	48.10		Earth loses a third of its mass.
17	49.00	52.60	S10	And the magnetic field that shields us… shuts off.
18	54.30	55.30	S11	Here's the twist.
19	55.90	58.10		That iron was never really from Earth.
20	59.00	64.00	S12	It was forged in exploding stars, long before our planet existed.
21	65.70	66.60	S13	So remember.
22	67.20	72.10		Your blood holds about four grams of star metal… enough for one small nail.
