van	tot	effect	sterkte	x	y
12	58.21	kaarslicht	0.8	0.80	0.78
289.75	416.38	mist	0.7		
687.23	787.59	kaarslicht	0.9	0.40	0.71
687.23	787.59	stof	0.6		
1199.21	1399.28	kaarslicht	0.8	0.49	0.67
1720.80	1895.55	kaarslicht	0.8	0.60	0.53
1720.80	1895.55	stof	0.6		
1895.55	2091.23	sterren	0.9		
1895.55	2091.23	mist	0.6		
2091.23	2204.58	vuur	0.7	0.27	0.35
2621.23	2943.31	lichtstralen	0.8		
2621.23	2943.31	stof	0.7		
3636.19	3726.60	as	0.6		
3726.60	3816.51	as	1.0		
3816.51	3903.05	as	0.8		
3903.05	4100.00	vonken	0.7		
4451.11	4575.35	vonken	0.8		
4575.35	4744.24	kaarslicht	0.8	0.51	0.58
4744.24	5090.21	as	0.8		
5090.21	5181.83	as	0.9		
5181.83	5301.83	mist	0.7		
5718.07	5852.48	kaarslicht	0.8	0.36	0.54
5718.07	5852.48	stof	0.6		
5852.48	6031.97	kaarslicht	0.8	0.87	0.38
5852.48	6031.97	stof	0.6		
6031.97	6243.51	stof	0.8		
6648.69	6945.54	mist	0.7		
7151.25	7360.00	lichtstralen	0.6		
7151.25	7360.00	stof	0.7		
7571.81	7654.91	vuurvliegjes	0.8		
7778.24	7889.61	sterren	0.9		
7778.24	7889.61	mist	0.6		
