file	start	end	slug
001.jpg	0.00	57.50	intro-fog-golden-gate
002.jpg	57.50	141.00	strait-without-bridge
003.jpg	141.00	185.40	ohlone-shore
004.jpg	185.40	204.60	presidio-spanish-fort
005.jpg	204.60	307.90	mission-dolores
006.jpg	307.90	418.60	gold-river-sierra
007.jpg	418.60	479.70	ships-abandoned-harbour
008.jpg	479.70	551.70	tent-city-hills
009.jpg	551.70	598.50	victorian-hills-1880
010.jpg	598.50	663.90	emperor-norton-street
011.jpg	663.90	717.00	market-street-1906
012.jpg	717.00	777.80	cable-car-hill
013.jpg	777.80	827.90	ferry-building-clock
014.jpg	827.90	895.40	palace-hotel-court
015.jpg	895.40	950.40	chinatown-lanterns
016.jpg	950.40	975.40	north-beach-telegraph-hill
017.jpg	975.40	1006.10	nob-hill-mansions-1906
018.jpg	1006.10	1106.20	golden-gate-park
019.jpg	1106.20	1232.00	fishermen-wharf-feluccas
020.jpg	1232.00	1334.70	sourdough-bakery-morning
021.jpg	1334.70	1509.90	cliff-house-seal-rocks
022.jpg	1509.90	1562.60	grand-opera-house
023.jpg	1562.60	1632.30	caruso-stage-carmen
024.jpg	1632.30	1687.10	city-night-gaslight
025.jpg	1687.10	1813.20	firehouse-horses-night
026.jpg	1813.20	1905.20	san-andreas-fault-landscape
027.jpg	1905.20	1987.80	fault-valley-ponds
028.jpg	1987.80	2140.70	dawn-over-bay
029.jpg	2140.70	2223.30	point-reyes-farm-dawn
030.jpg	2223.30	2298.40	lighthouse-coast-morning
031.jpg	2298.40	2381.90	stanford-quad-arches
032.jpg	2381.90	2468.90	mission-san-juan-bautista
033.jpg	2468.90	2547.40	milk-wagon-dawn
034.jpg	2547.40	2657.60	people-nightclothes-street
035.jpg	2657.60	2732.20	palace-hotel-morning
036.jpg	2732.20	2807.10	ferry-building-standing
037.jpg	2807.10	2906.70	smoke-rising-rooftops
038.jpg	2906.70	2955.40	hayes-valley-kitchen
039.jpg	2955.40	3019.90	soldiers-marching-morning
040.jpg	3019.90	3072.20	fireboat-waterfront
041.jpg	3072.20	3087.50	orange-glow-bay-night
042.jpg	3087.50	3134.50	firemen-horses-hoses
043.jpg	3134.50	3165.40	golden-hydrant
044.jpg	3165.40	3255.20	us-mint-building
045.jpg	3255.20	3378.00	telegraph-hill-italians
046.jpg	3378.00	3449.10	rescuers-carrying-belongings
047.jpg	3449.10	3505.90	nob-hill-mansions-evening
048.jpg	3505.90	3633.00	van-ness-avenue-wide
049.jpg	3633.00	3663.90	ferries-to-oakland
050.jpg	3663.90	3757.10	oakland-shelter-soup
051.jpg	3757.10	3830.70	tent-camp-golden-gate-park
052.jpg	3830.70	3905.80	street-kitchens
053.jpg	3905.80	3960.90	relief-trains-supplies
054.jpg	3960.90	3991.50	lottas-fountain-notes
055.jpg	3991.50	4089.30	photographer-ruins-evening
056.jpg	4089.30	4216.00	giannini-plank-wharf
057.jpg	4216.00	4312.30	earthquake-cottages-green
058.jpg	4312.30	4417.80	rebuilding-scaffolding-city
059.jpg	4417.80	4478.30	chinatown-rebuilding-pagoda
060.jpg	4478.30	4530.30	chinatown-new-rooftops
061.jpg	4530.30	4614.50	paper-sons-ship
062.jpg	4614.50	4686.80	angel-island-hills
063.jpg	4686.80	4742.50	new-city-hall-dome
064.jpg	4742.50	4803.60	exposition-1915-palaces
065.jpg	4803.60	4860.10	tower-of-jewels-night
066.jpg	4860.10	4973.00	palace-of-fine-arts-lagoon
067.jpg	4973.00	5053.90	geologists-fence-offset
068.jpg	5053.90	5158.30	scientist-study-maps
069.jpg	5158.30	5246.30	seismograph-observatory
070.jpg	5246.30	5328.90	lottas-fountain-dawn
071.jpg	5328.90	5371.90	golden-gate-bridge-fog-evening
072.jpg	5371.90	5433.70	cable-car-evening-hill
073.jpg	5433.70	5502.00	victorian-houses-night-fog
074.jpg	5502.00	5545.80	palace-fine-arts-night-swans
075.jpg	5545.80	5587.10	city-lights-bay-night
