nr	start	end	pause	text
1	0:00:00.2	0:00:03.4		Imagine looking up… and every night, the Moon is a little bigger.
2	0:00:04.9	0:00:09.8		No impact. No explosion. It just keeps creeping closer, night after night.
3	0:00:10.9	0:00:14.9		Right now, the Moon is about three hundred and eighty-four thousand kilometres away.
4	0:00:15.8	0:00:21.4		You cannot feel its pull. But the oceans can. Twice a day, it lifts them into the tides.
5	0:00:22.4	0:00:27.8		And tidal pull follows a frightening rule: halve the distance, and it becomes eight times stronger.
6	0:00:28.9	0:00:29.7		Two hundred thousand kilometres.
7	0:00:31.0	0:00:35.3		The Moon looks almost twice as wide. And the tides are about seven times stronger.
8	0:00:36.0	0:00:37.9		High tide no longer stops at the quay.
9	0:00:38.7	0:00:39.5		One hundred thousand kilometres.
10	0:00:40.9	0:00:44.2		Now the pull on the oceans is more than fifty times stronger than today.
11	0:00:45.0	0:00:47.2		With every high tide, the sea pours into the harbour…
12	0:00:50.0	0:00:53.8		…and when it pulls back, it leaves the ships behind, stranded in the streets.
13	0:00:54.1	0:00:56.4		But water is not the only thing the Moon can pull on.
